{"cameraMode":{"drawMode":0,"name":"Shaded","section":"Shading Mode"},"sceneLighting":true,"audioPlay":false,"sceneViewState":{"m_AlwaysRefresh":false,"showFog":true,"showSkybox":true,"showFlares":true,"showImageEffects":true,"showParticleSystems":true,"showVisualEffectGraphs":true,"m_FxEnabled":true},"in2DMode":false,"pivot":{"x":8.679656982421875,"y":-0.2603032886981964,"z":3.0915651321411135},"rotation":{"x":0.05906965583562851,"y":0.0062515283934772018,"z":-0.0002920251281466335,"w":0.9982357025146484},"size":9.547795295715332,"orthographic":false}